{"cameraMode":{"drawMode":0,"name":"Shaded","section":"Shading Mode"},"sceneLighting":true,"audioPlay":false,"sceneViewState":{"m_AlwaysRefresh":false,"showFog":false,"showSkybox":true,"showFlares":false,"showImageEffects":false,"showParticleSystems":true,"showVisualEffectGraphs":true,"m_FxEnabled":true},"in2DMode":false,"pivot":{"x":22.34823989868164,"y":-4.2388458251953129,"z":-24.133464813232423},"rotation":{"x":0.13501189649105073,"y":-0.2005797028541565,"z":0.028023265302181245,"w":0.9700433611869812},"size":18.300893783569337,"orthographic":false}