{"cameraMode":{"drawMode":0,"name":"Shaded","section":"Shading Mode"},"sceneLighting":false,"audioPlay":false,"sceneViewState":{"m_AlwaysRefresh":false,"showFog":false,"showSkybox":false,"showFlares":false,"showImageEffects":false,"showParticleSystems":true,"showVisualEffectGraphs":true,"m_FxEnabled":true},"in2DMode":false,"pivot":{"x":-1.5224151611328126,"y":-0.8877143859863281,"z":2.2945404052734377},"rotation":{"x":-0.056935377418994907,"y":0.24804085493087769,"z":-0.014598527923226357,"w":-0.9669890999794006},"size":38.23896789550781,"orthographic":false}