{"cameraMode":{"drawMode":0,"name":"Shaded","section":"Shading Mode"},"sceneLighting":false,"audioPlay":false,"sceneViewState":{"m_AlwaysRefresh":false,"showFog":false,"showSkybox":false,"showFlares":false,"showImageEffects":false,"showParticleSystems":true,"showVisualEffectGraphs":true,"m_FxEnabled":true},"in2DMode":false,"pivot":{"x":-180.2503662109375,"y":-45.095096588134769,"z":331.08306884765627},"rotation":{"x":-0.056935377418994907,"y":0.24804085493087769,"z":-0.014598527923226357,"w":-0.9669890999794006},"size":242.28848266601563,"orthographic":false}